{"cameraMode":{"drawMode":0,"name":"Shaded","section":"Shading Mode"},"sceneLighting":false,"audioPlay":false,"sceneViewState":{"showFog":true,"showMaterialUpdate":false,"showSkybox":true,"showFlares":true,"showImageEffects":true,"showParticleSystems":true},"in2DMode":false,"pivot":{"x":2.8422598838806154,"y":1.037329912185669,"z":-1.821098804473877},"rotation":{"x":-0.0014426994603127242,"y":0.9416142106056213,"z":-0.3368053734302521,"w":-0.0033035618253052236},"size":1.0893867015838624,"orthographic":false}